name,rss
零度解说,https://www.youtube.com/feeds/videos.xml?channel_id=UCvijahEyGtvMpmMHBu4FS2w
WukongDaily,https://www.youtube.com/feeds/videos.xml?channel_id=UCii04BCvYIdQvshrdNDAcww
TuTulifestyle,https://www.youtube.com/feeds/videos.xml?channel_id=UCuhAUKCdKrjYoMiJQc74ZkQ
檀东东·Tango,https://www.youtube.com/feeds/videos.xml?channel_id=UCwsrASoAIwV0-KQKNko0VEA
Mike是麦克,https://www.youtube.com/feeds/videos.xml?channel_id=UCAxQ8sjHgjXh26la7jEBw3w
硅谷101,https://www.youtube.com/feeds/videos.xml?channel_id=UCKV2yWPB3wn0RTZh3cTD8YA
HackBear 泰瑞,https://www.youtube.com/feeds/videos.xml?channel_id=UC_whOg3XES3Fihic53fvo4Q
小Lin说,https://www.youtube.com/feeds/videos.xml?channel_id=UCilwQlk62k1z7aUEZPOB6yw
Money or Life 美股频道,https://www.youtube.com/feeds/videos.xml?channel_id=UC9cfcOuTT9rYkyUimMjLxuw
Kelly Tsai,https://www.youtube.com/feeds/videos.xml?channel_id=UCfbMslS3NmcGO4WIikSoYSA
Henry 的慢思考,https://www.youtube.com/feeds/videos.xml?channel_id=UC9KZAJODBZXwVbJje4SZg2A
政經孫老師,https://www.youtube.com/feeds/videos.xml?channel_id=UC1Lk6WO-eKuYc6GHYbKVY2g
哈佛姐夢遊矽谷 AliceInSiliconWonderland,https://www.youtube.com/feeds/videos.xml?channel_id=UCB9ryAh6vhavNxALJUJT6-Q
윤도이 尹到怡 DOILY,https://www.youtube.com/feeds/videos.xml?channel_id=UCiHpuU-ulazoh92g9rsZkGg
美投讲美股,https://www.youtube.com/feeds/videos.xml?channel_id=UCBUH38E0ngqvmTqdchWunwQ
老周横眉,https://www.youtube.com/feeds/videos.xml?channel_id=UCFDMMIHbtRdrVhHlGXVzApA
小宁子 XNZ,https://www.youtube.com/feeds/videos.xml?channel_id=UCvUJ6BwgUGWBHuUd0cv546g
Joeman,https://www.youtube.com/feeds/videos.xml?channel_id=UCPRWWKG0VkBA0Pqa4Jr5j0Q
孤獨的移民者 金世星,https://www.youtube.com/feeds/videos.xml?channel_id=UCYuuD3VmrwK3eVmLuiQ5Y-Q
MINGO 朴旻曙,https://www.youtube.com/feeds/videos.xml?channel_id=UCQk0Xto86G7ySUQBmdJU7rA
Linzin 阿哲,https://www.youtube.com/feeds/videos.xml?channel_id=UC0oosHZ4k1o-zNT21gg5O7A
영주 瑩珠,https://www.youtube.com/feeds/videos.xml?channel_id=UC4PMYLzhvrZhmXhGwgbudYg
Daniele Vitale Sax,https://www.youtube.com/feeds/videos.xml?channel_id=UCaQhy_pdgjkcVeh6bIfoVlg
캣올린CatOlin,https://www.youtube.com/feeds/videos.xml?channel_id=UCoAeBLyRkAVnNHR_V4XWc_Q
天天讀書會 DailyReading,https://www.youtube.com/feeds/videos.xml?channel_id=UCFFHAdMc4PybyfTFkkEYdfQ
Sequoia Capital,https://www.youtube.com/feeds/videos.xml?channel_id=UCWrF0oN6unbXrWsTN7RctTw